{"cameraMode":{"drawMode":0,"name":"Shaded","section":"Shading Mode"},"sceneLighting":false,"audioPlay":false,"sceneViewState":{"showFog":true,"showMaterialUpdate":false,"showSkybox":false,"showFlares":true,"showImageEffects":true,"showParticleSystems":true},"in2DMode":false,"pivot":{"x":0.011040616780519486,"y":1.477743148803711,"z":1.4803194999694825},"rotation":{"x":-0.09175889939069748,"y":0.9059224128723145,"z":-0.32434654235839846,"w":-0.2562892735004425},"size":0.833730936050415,"orthographic":false}